domain,size
goel.io,8.97
sr.ht,29.9
lakic.one/en,532.9
cyberia.host,1.25
sjmulder.nl,2.52
jrballesteros05.codeberg.page,2.58
nishchith.com,22.1
newbatterytester.com,340
postmarketos.org,201
pzel.name,4.88
derreineke.com,136
coltonhurst.com,2.02
hacktivis.me,9.8
lib.rs,82.7
head-on-a-stick.github.io,101
objective.st,10.0
golangleipzig.space,3.13
phate6660.codeberg.page,1010
unixsheikh.com,7.25
btbytes.com,12.2
datagubbe.se,6.46
cetacean.club,2.65
dotfilehub.com,2.79
jmtd.net,178
humaidq.ae,9.37
lucianmarin.com,41.8
yorickpeterse.com,18.6
mos6581.com,38.0
jmp.chat,77.8
kunalmarwaha.com,2.32
arshbot.dev,0.829
richj.co,25.4
wirelessfootball.co.uk,23.4
mat.tl,3.13
thomasryan.xyz,6.15
roadtolarissa.com,3540
postsheet.com,340
hansenzhang.com,1770
nojs.club,3.58
igaryhe.io,5.33
ratwires.space,2810
seirdy.one,3.75
gigahost.uk,926
freeshortbedtimestories.com,847
ericra.com,69.8
darioniedermann.it,28.3
funnylookinhat.com,2.46
ulpaulpa.de,509
erichamiter.com,3.29
